{
    "weight": {
        "kg,lbs": 2.20462,
        "kg,g": 1000,
        "kg,oz": 35.274,
        "lbs,g": 453.592,
        "lbs,oz": 16,
        "oz,g": 28.3495
    },
    "length": {
        "km,m": 1000,
        "km,ft": 3280.84,
        "km,yard": 1093.613,
        "m,ft": 3.28084,
        "m,yard": 1.09361,
        "yard,ft": 3
    },
    "area": {
        "hectare,square m": 10000,
        "square km,hectare": 100,
        "hectare,acre": 2.47105,
        "square km,square m": 1000000,
        "acre,square m": 4046.865,
        "square km,acre": 247.105
    },
    "volume": {
        "L,mL": 1000,
        "US gallon,L": 3.78541,
        "L,US pint": 2.11338,
        "US gallon,mL": 3785.412,
        "US pint,mL": 473.176,
        "US gallon,US pint": 8
    }
}
